day,roomAvail,Priceline,Booking,Hotels,OfficialHotelSite,Expedia,TripAdvisor,Orbitz,Hotwire,Agoda,CheapTickets
1, true, 117, 178, 174, 133, 168, 188, 116, 130, 139, 131
2, true, 114, 185, 126, 195, 123, 184, 106, 151, 134, 104
3, true, 142, 152, 120, 149, 187, 135, 113, 108, 187, 182
4, true, 113, 107, 159, 146, 134, 151, 103, 190, 124, 137
5, true, 177, 195, 185, 161, 145, 188, 128, 155, 170, 140
6, true, 163, 164, 108, 130, 163, 124, 124, 157, 137, 166
7, true, 197, 116, 160, 165, 110, 112, 150, 166, 151, 165
8, true, 146, 111, 168, 132, 199, 142, 105, 147, 102, 147
9, true, 120, 119, 183, 118, 123, 158, 146, 116, 134, 129
10, true, 100, 166, 147, 110, 116, 141, 108, 159, 138, 165
11, false, null, null, null, null, null, null, null, null, null, null
12, true, 115, 124, 191, 150, 126, 191, 112, 121, 197, 171
13, true, 165, 169, 198, 169, 167, 134, 104, 109, 128, 138
14, true, 194, 106, 181, 145, 199, 196, 181, 190, 179, 177
15, true, 152, 111, 142, 109, 101, 162, 127, 180, 124, 117
16, true, 168, 189, 109, 195, 161, 165, 104, 171, 132, 139
17, true, 162, 104, 132, 126, 100, 164, 116, 163, 129, 145
18, true, 189, 167, 165, 121, 104, 116, 111, 172, 177, 179
19, true, 180, 124, 140, 172, 119, 157, 136, 156, 109, 156
20, true, 134, 121, 103, 107, 174, 164, 105, 140, 111, 164
21, true, 177, 185, 192, 167, 159, 121, 105, 154, 157, 194
22, true, 122, 182, 117, 114, 112, 109, 140, 125, 176, 161
23, true, 186, 152, 124, 111, 150, 178, 151, 132, 110, 129
24, true, 164, 118, 152, 125, 122, 151, 167, 151, 170, 178
25, true, 146, 107, 171, 115, 131, 189, 128, 162, 174, 186
26, true, 180, 127, 153, 189, 110, 150, 188, 153, 192, 120
27, true, 153, 185, 116, 112, 115, 146, 136, 164, 180, 119
28, true, 171, 107, 118, 195, 174, 176, 102, 156, 123, 130
29, true, 197, 199, 106, 149, 179, 185, 152, 166, 154, 133
30, true, 165, 161, 176, 103, 125, 148, 141, 192, 105, 185
31, true, 181, 185, 189, 197, 184, 170, 140, 177, 109, 148
32, true, 132, 127, 164, 118, 109, 139, 144, 103, 133, 145
33, true, 175, 101, 197, 101, 130, 115, 167, 185, 156, 135
34, true, 153, 118, 107, 154, 149, 102, 187, 103, 165, 158
35, true, 194, 108, 107, 181, 106, 194, 183, 101, 145, 164
36, false, null, null, null, null, null, null, null, null, null, null
37, true, 185, 151, 192, 138, 161, 192, 196, 187, 159, 134
38, true, 133, 109, 129, 119, 174, 172, 198, 119, 178, 158
39, true, 125, 191, 158, 111, 132, 140, 192, 140, 124, 189
40, true, 160, 109, 144, 120, 186, 191, 118, 132, 160, 140
41, true, 101, 185, 176, 123, 187, 159, 167, 131, 101, 124
42, true, 112, 164, 130, 153, 152, 110, 153, 113, 183, 197
43, true, 175, 109, 172, 133, 116, 192, 195, 192, 188, 109
44, true, 112, 184, 107, 125, 105, 142, 159, 158, 149, 169
45, true, 161, 187, 132, 117, 123, 103, 147, 184, 131, 108
46, true, 130, 113, 165, 195, 199, 146, 183, 182, 115, 128
47, true, 159, 167, 178, 180, 119, 190, 153, 161, 194, 148
48, true, 135, 164, 128, 166, 178, 194, 151, 158, 162, 103
49, true, 127, 147, 124, 171, 124, 128, 181, 127, 198, 145
50, true, 144, 192, 198, 135, 156, 131, 130, 115, 179, 161
51, true, 174, 107, 125, 192, 173, 111, 131, 143, 129, 158
52, true, 137, 166, 168, 103, 182, 193, 100, 131, 156, 106
53, true, 184, 198, 184, 144, 101, 127, 111, 151, 149, 189
54, true, 126, 192, 162, 184, 117, 181, 154, 144, 113, 193
55, true, 166, 173, 182, 106, 195, 159, 139, 147, 179, 177
56, false, null, null, null, null, null, null, null, null, null, null
57, true, 107, 117, 116, 102, 162, 143, 173, 150, 170, 177
58, false, null, null, null, null, null, null, null, null, null, null
59, true, 132, 130, 111, 150, 179, 135, 113, 136, 124, 160
60, true, 132, 158, 161, 175, 132, 172, 194, 181, 138, 154
61, false, null, null, null, null, null, null, null, null, null, null
62, true, 144, 185, 190, 162, 170, 148, 109, 142, 169, 185
63, true, 123, 119, 165, 141, 149, 138, 138, 131, 118, 163
64, true, 143, 102, 172, 147, 110, 185, 162, 159, 186, 144
65, true, 197, 174, 177, 164, 196, 113, 181, 168, 140, 180
66, true, 133, 164, 175, 136, 142, 112, 138, 170, 121, 186
67, true, 149, 135, 145, 134, 163, 162, 124, 186, 165, 135
68, true, 179, 168, 160, 142, 151, 165, 111, 135, 137, 139
69, true, 154, 199, 166, 147, 169, 103, 159, 137, 178, 198
70, true, 151, 192, 156, 135, 135, 142, 131, 168, 112, 191
71, true, 198, 185, 189, 136, 101, 169, 149, 186, 131, 137
72, true, 155, 162, 160, 178, 151, 123, 141, 193, 143, 163
73, true, 152, 124, 162, 137, 189, 161, 176, 148, 163, 104
74, true, 164, 195, 194, 162, 104, 192, 103, 130, 125, 198
75, false, null, null, null, null, null, null, null, null, null, null
76, false, null, null, null, null, null, null, null, null, null, null
77, true, 149, 125, 194, 183, 166, 165, 132, 167, 187, 198
78, true, 187, 108, 132, 118, 198, 147, 156, 152, 112, 171
79, false, null, null, null, null, null, null, null, null, null, null
80, true, 144, 106, 137, 113, 117, 166, 137, 148, 171, 172
81, true, 102, 164, 125, 119, 108, 174, 171, 138, 176, 168
82, true, 107, 125, 110, 197, 100, 178, 160, 181, 128, 117
83, true, 140, 159, 104, 166, 190, 194, 147, 111, 176, 145
84, true, 102, 179, 154, 157, 160, 182, 133, 162, 179, 103
85, true, 159, 123, 143, 122, 172, 148, 183, 159, 175, 192
86, true, 120, 108, 142, 175, 187, 153, 161, 176, 162, 196
87, true, 150, 148, 146, 170, 134, 157, 100, 143, 155, 123
88, false, null, null, null, null, null, null, null, null, null, null
89, true, 156, 162, 101, 195, 120, 104, 115, 146, 175, 156
90, true, 170, 148, 159, 132, 191, 131, 147, 180, 116, 121
91, true, 111, 187, 129, 169, 186, 103, 151, 185, 172, 111
92, false, null, null, null, null, null, null, null, null, null, null
93, true, 133, 175, 112, 155, 186, 193, 137, 130, 103, 170
94, false, null, null, null, null, null, null, null, null, null, null
95, true, 124, 119, 184, 189, 109, 101, 126, 107, 157, 193
96, true, 163, 150, 108, 119, 133, 112, 193, 191, 189, 145
97, true, 158, 132, 155, 171, 100, 114, 134, 136, 140, 170
98, true, 177, 122, 174, 120, 162, 160, 101, 127, 181, 195
99, true, 154, 190, 129, 162, 197, 179, 112, 150, 113, 107
100, true, 169, 144, 190, 105, 173, 167, 123, 162, 177, 132
1, true, 124, 131, 186, 191, 175, 159, 181, 169, 120, 192
2, true, 167, 122, 154, 132, 172, 154, 181, 103, 119, 179
3, true, 190, 177, 143, 129, 184, 157, 198, 172, 150, 125
4, true, 120, 138, 133, 173, 191, 156, 173, 159, 117, 126
5, true, 124, 193, 136, 198, 156, 123, 187, 105, 189, 154
6, true, 146, 146, 129, 132, 187, 190, 111, 109, 137, 109
7, true, 175, 101, 102, 156, 131, 139, 115, 167, 182, 107
8, true, 104, 191, 144, 170, 180, 167, 163, 137, 159, 182
9, true, 196, 152, 189, 160, 195, 166, 103, 147, 143, 113
10, true, 190, 116, 128, 183, 135, 195, 161, 135, 197, 112
11, true, 120, 166, 155, 122, 130, 148, 190, 168, 167, 129
12, true, 179, 152, 149, 120, 132, 170, 158, 117, 109, 186
13, true, 110, 153, 136, 158, 143, 106, 100, 199, 109, 130
14, true, 176, 168, 144, 100, 102, 145, 114, 113, 159, 166
15, true, 193, 185, 101, 179, 155, 180, 117, 192, 158, 135
16, true, 136, 136, 138, 165, 175, 116, 172, 132, 149, 152
17, true, 116, 154, 169, 173, 176, 131, 111, 136, 129, 199
18, true, 111, 126, 120, 199, 152, 197, 176, 155, 195, 159
19, true, 120, 181, 158, 199, 196, 156, 152, 191, 176, 120
20, true, 197, 118, 136, 183, 174, 140, 158, 135, 149, 155
21, true, 193, 107, 144, 197, 143, 106, 117, 194, 169, 154
22, false, null, null, null, null, null, null, null, null, null, null
23, true, 191, 169, 133, 148, 163, 163, 108, 186, 192, 146
24, true, 180, 186, 191, 187, 177, 195, 132, 114, 145, 156
25, true, 173, 162, 165, 120, 196, 131, 106, 143, 195, 178
26, true, 136, 144, 134, 173, 163, 128, 176, 128, 102, 122
27, true, 187, 186, 197, 186, 103, 187, 119, 172, 188, 103
28, true, 105, 172, 110, 191, 175, 109, 143, 152, 149, 114
29, true, 127, 132, 100, 174, 151, 111, 181, 157, 103, 160
30, false, null, null, null, null, null, null, null, null, null, null
31, true, 183, 117, 184, 166, 177, 167, 143, 114, 183, 155
32, true, 124, 189, 148, 193, 198, 141, 115, 145, 107, 113
33, true, 121, 186, 129, 197, 192, 191, 102, 153, 175, 168
34, true, 105, 163, 180, 121, 118, 120, 164, 122, 146, 157
35, true, 190, 102, 127, 157, 103, 155, 149, 106, 149, 106
36, false, null, null, null, null, null, null, null, null, null, null
37, true, 114, 171, 139, 103, 129, 125, 140, 162, 103, 187
38, true, 118, 193, 189, 110, 117, 199, 159, 195, 137, 192
39, true, 103, 159, 137, 195, 118, 188, 193, 135, 128, 163
40, true, 129, 116, 126, 184, 152, 181, 135, 140, 103, 191
41, true, 106, 192, 113, 105, 156, 136, 116, 143, 136, 177
42, true, 154, 135, 156, 179, 189, 125, 118, 114, 199, 172
43, true, 117, 109, 149, 187, 115, 197, 196, 125, 179, 128
44, true, 153, 168, 144, 136, 186, 168, 167, 119, 107, 152
45, true, 135, 130, 195, 111, 197, 138, 144, 180, 111, 162
46, false, null, null, null, null, null, null, null, null, null, null
47, true, 146, 136, 121, 174, 119, 195, 123, 158, 133, 154
48, false, null, null, null, null, null, null, null, null, null, null
49, true, 113, 131, 189, 113, 199, 145, 188, 188, 189, 143
50, true, 147, 169, 184, 171, 157, 137, 191, 142, 199, 111
51, true, 166, 149, 110, 129, 104, 168, 140, 145, 147, 176
52, true, 192, 116, 120, 146, 168, 195, 179, 123, 143, 104
53, true, 109, 199, 195, 141, 157, 177, 195, 199, 195, 107
54, true, 144, 132, 194, 149, 175, 103, 125, 187, 123, 134
55, true, 141, 143, 114, 129, 112, 119, 190, 113, 137, 137
56, true, 115, 137, 179, 133, 104, 128, 126, 155, 116, 166
57, true, 177, 162, 126, 123, 145, 110, 191, 173, 183, 129
58, true, 103, 117, 177, 133, 168, 162, 139, 178, 162, 105
59, false, null, null, null, null, null, null, null, null, null, null
60, true, 155, 180, 146, 163, 181, 176, 193, 166, 177, 112
61, true, 145, 168, 126, 100, 187, 185, 170, 107, 185, 126
62, true, 188, 198, 165, 175, 140, 157, 173, 176, 156, 120
63, true, 190, 145, 155, 166, 114, 195, 114, 127, 155, 170
64, true, 139, 108, 130, 186, 109, 170, 105, 137, 118, 105
65, true, 175, 107, 133, 198, 157, 118, 109, 163, 118, 182
66, true, 191, 151, 187, 126, 198, 198, 167, 128, 145, 151
67, true, 120, 162, 191, 164, 181, 193, 143, 140, 156, 114
68, true, 110, 172, 190, 109, 149, 166, 133, 172, 157, 118
69, true, 185, 105, 197, 147, 179, 114, 114, 106, 134, 178
70, true, 125, 139, 194, 136, 122, 105, 132, 188, 103, 169
71, true, 134, 131, 189, 153, 158, 171, 141, 151, 195, 148
72, true, 127, 152, 103, 154, 139, 123, 104, 198, 122, 131
73, true, 155, 195, 153, 105, 173, 169, 145, 133, 167, 117
74, true, 196, 127, 126, 114, 152, 166, 195, 163, 122, 130
75, false, null, null, null, null, null, null, null, null, null, null
76, true, 167, 167, 153, 132, 123, 148, 101, 128, 179, 147
77, true, 106, 155, 134, 184, 135, 189, 146, 101, 121, 145
78, true, 127, 100, 129, 195, 103, 166, 175, 139, 169, 106
79, true, 113, 161, 130, 183, 136, 179, 129, 157, 102, 193
80, true, 199, 117, 160, 164, 130, 179, 101, 143, 142, 197
81, true, 154, 125, 193, 119, 159, 198, 150, 174, 150, 157
82, true, 145, 174, 190, 117, 157, 138, 198, 184, 177, 172
83, true, 135, 120, 183, 197, 191, 157, 131, 113, 111, 194
84, true, 136, 174, 117, 168, 172, 180, 183, 187, 122, 137
85, true, 166, 163, 115, 158, 192, 157, 116, 176, 164, 101
86, true, 145, 132, 143, 134, 176, 161, 146, 153, 101, 153
87, true, 173, 107, 132, 161, 132, 196, 150, 174, 122, 154
88, true, 182, 121, 116, 162, 129, 104, 189, 181, 146, 161
89, true, 151, 138, 100, 152, 119, 156, 164, 115, 169, 104
90, true, 182, 129, 155, 192, 184, 130, 100, 116, 163, 135
91, true, 103, 194, 145, 116, 171, 152, 186, 190, 197, 124
92, true, 198, 154, 133, 141, 149, 149, 198, 157, 161, 182
93, true, 148, 162, 148, 135, 129, 173, 121, 187, 123, 196
94, true, 141, 101, 100, 194, 133, 168, 161, 112, 187, 143
95, false, null, null, null, null, null, null, null, null, null, null
96, true, 153, 108, 192, 152, 124, 121, 165, 144, 136, 139
97, true, 119, 162, 164, 100, 194, 138, 162, 183, 164, 104
98, true, 128, 172, 116, 110, 139, 192, 130, 156, 135, 195
99, false, null, null, null, null, null, null, null, null, null, null
100, true, 152, 116, 126, 144, 103, 196, 171, 134, 118, 135
1, true, 195, 198, 199, 138, 118, 194, 192, 129, 150, 132
2, true, 191, 188, 179, 148, 175, 157, 121, 140, 139, 182
3, true, 107, 122, 161, 114, 175, 124, 135, 187, 180, 197
4, true, 118, 108, 195, 158, 156, 110, 143, 146, 178, 147
5, false, null, null, null, null, null, null, null, null, null, null
6, true, 141, 192, 147, 126, 131, 162, 142, 117, 136, 102
7, true, 178, 148, 178, 137, 118, 144, 136, 140, 161, 144
8, true, 185, 154, 193, 167, 118, 191, 110, 187, 135, 135
9, true, 119, 177, 113, 175, 144, 181, 186, 175, 170, 146
10, true, 154, 164, 180, 154, 177, 163, 143, 199, 116, 122
11, true, 183, 156, 147, 187, 149, 169, 136, 133, 108, 142
12, true, 121, 147, 152, 112, 161, 160, 199, 173, 169, 190
13, true, 186, 183, 118, 138, 104, 168, 156, 143, 119, 137
14, true, 108, 157, 143, 131, 130, 117, 171, 128, 103, 135
15, true, 113, 121, 128, 198, 149, 193, 173, 192, 148, 100
16, false, null, null, null, null, null, null, null, null, null, null
17, true, 143, 121, 151, 146, 110, 109, 180, 102, 150, 157
18, true, 137, 145, 177, 158, 162, 173, 193, 186, 133, 100
19, true, 166, 135, 122, 198, 125, 183, 160, 175, 104, 197
20, true, 118, 187, 168, 115, 157, 105, 172, 127, 198, 171
21, true, 113, 195, 132, 168, 155, 155, 164, 124, 146, 198
22, true, 118, 131, 192, 180, 117, 159, 180, 199, 182, 112
23, true, 143, 134, 127, 192, 199, 159, 187, 115, 144, 121
24, false, null, null, null, null, null, null, null, null, null, null
25, true, 120, 165, 166, 190, 196, 153, 162, 137, 166, 171
26, true, 118, 188, 119, 108, 102, 132, 126, 119, 113, 170
27, true, 103, 183, 156, 106, 130, 166, 121, 175, 117, 133
28, true, 172, 188, 144, 123, 187, 140, 190, 180, 196, 161
29, true, 137, 102, 141, 116, 159, 129, 118, 123, 127, 162
30, true, 153, 141, 121, 166, 158, 103, 156, 196, 157, 154
31, true, 123, 105, 116, 142, 112, 167, 153, 192, 136, 138
32, true, 178, 125, 118, 110, 142, 118, 167, 181, 150, 189
33, true, 134, 159, 110, 110, 108, 106, 196, 123, 138, 118
34, true, 108, 130, 191, 169, 174, 138, 170, 159, 115, 159
35, true, 179, 179, 131, 167, 144, 192, 105, 198, 157, 157
36, true, 190, 174, 186, 192, 141, 173, 149, 195, 157, 180
37, true, 173, 129, 104, 174, 141, 165, 140, 157, 115, 158
38, true, 134, 177, 146, 105, 133, 165, 142, 146, 102, 108
39, true, 139, 148, 137, 122, 110, 165, 102, 138, 135, 118
40, true, 180, 125, 137, 136, 199, 182, 199, 126, 198, 175
41, true, 149, 181, 170, 185, 103, 160, 181, 122, 138, 179
42, true, 116, 145, 179, 148, 169, 173, 157, 195, 137, 105
43, true, 194, 145, 134, 120, 125, 121, 134, 161, 149, 126
44, true, 142, 120, 118, 139, 144, 121, 158, 144, 134, 156
45, true, 128, 187, 121, 159, 184, 112, 168, 192, 174, 161
46, true, 147, 153, 163, 107, 189, 184, 115, 142, 132, 166
47, true, 118, 139, 198, 168, 170, 145, 182, 163, 115, 147
48, true, 184, 103, 159, 181, 184, 197, 141, 122, 179, 130
49, true, 109, 115, 124, 137, 109, 127, 190, 131, 101, 102
50, true, 129, 123, 177, 183, 114, 153, 124, 131, 102, 160
51, false, null, null, null, null, null, null, null, null, null, null
52, true, 180, 186, 168, 106, 136, 190, 186, 120, 130, 166
53, true, 166, 135, 135, 133, 140, 137, 138, 129, 140, 101
54, true, 181, 196, 128, 106, 137, 121, 192, 118, 133, 139
55, true, 185, 102, 165, 116, 103, 103, 195, 107, 163, 152
56, true, 196, 138, 144, 174, 154, 126, 134, 169, 106, 136
57, true, 175, 161, 103, 161, 139, 152, 173, 152, 195, 163
58, true, 122, 108, 137, 146, 167, 101, 199, 175, 111, 125
59, false, null, null, null, null, null, null, null, null, null, null
60, true, 176, 159, 113, 188, 106, 163, 149, 102, 112, 125
61, false, null, null, null, null, null, null, null, null, null, null
62, true, 150, 142, 118, 143, 133, 128, 116, 180, 186, 146
63, true, 150, 160, 123, 104, 122, 114, 158, 180, 141, 193
64, true, 134, 171, 112, 130, 163, 111, 149, 174, 191, 173
65, true, 177, 152, 160, 173, 141, 191, 107, 163, 110, 182
66, true, 102, 148, 169, 123, 108, 126, 189, 151, 197, 114
67, true, 112, 170, 113, 154, 106, 177, 159, 197, 122, 135
68, true, 176, 107, 161, 105, 176, 110, 144, 107, 120, 137
69, true, 165, 151, 152, 138, 121, 194, 154, 109, 166, 130
70, true, 170, 192, 183, 147, 156, 136, 178, 123, 104, 100
71, true, 146, 137, 143, 182, 179, 162, 117, 129, 147, 123
72, true, 131, 166, 155, 194, 167, 135, 164, 127, 191, 198
73, true, 111, 138, 112, 134, 110, 158, 134, 170, 117, 149
74, true, 192, 130, 152, 184, 130, 154, 142, 195, 196, 179
75, true, 143, 126, 145, 109, 160, 164, 166, 160, 185, 136
76, false, null, null, null, null, null, null, null, null, null, null
77, false, null, null, null, null, null, null, null, null, null, null
78, true, 129, 162, 151, 166, 180, 130, 178, 115, 198, 161
79, true, 111, 139, 194, 149, 145, 141, 127, 140, 132, 130
80, true, 114, 196, 168, 118, 103, 122, 144, 150, 156, 190
81, true, 147, 199, 162, 192, 180, 125, 109, 190, 111, 105
82, true, 131, 146, 147, 135, 104, 110, 115, 120, 127, 168
83, true, 143, 108, 142, 175, 150, 164, 195, 145, 169, 153
84, true, 150, 141, 107, 101, 161, 124, 113, 110, 127, 132
85, true, 196, 197, 187, 112, 170, 158, 132, 160, 131, 127
86, true, 146, 174, 122, 169, 137, 105, 132, 125, 179, 157
87, true, 170, 125, 155, 177, 160, 173, 137, 174, 183, 111
88, true, 167, 158, 161, 140, 199, 177, 160, 178, 191, 106
89, false, null, null, null, null, null, null, null, null, null, null
90, true, 145, 119, 132, 168, 141, 121, 155, 135, 140, 154
91, true, 133, 109, 111, 140, 103, 133, 101, 141, 150, 175
92, true, 172, 157, 145, 108, 139, 195, 137, 136, 102, 159
93, true, 167, 187, 150, 130, 165, 165, 114, 172, 119, 171
94, false, null, null, null, null, null, null, null, null, null, null
95, true, 142, 133, 104, 138, 124, 156, 198, 140, 152, 146
96, true, 139, 126, 150, 128, 146, 181, 166, 109, 196, 171
97, false, null, null, null, null, null, null, null, null, null, null
98, true, 102, 133, 163, 150, 113, 154, 115, 152, 123, 192
99, true, 194, 133, 140, 103, 153, 116, 181, 144, 194, 128
100, true, 105, 100, 150, 125, 197, 117, 175, 143, 168, 136
1, true, 130, 179, 166, 117, 102, 128, 186, 188, 166, 123
2, true, 118, 172, 124, 148, 178, 153, 144, 170, 185, 132
3, true, 187, 170, 193, 155, 162, 114, 164, 171, 110, 114
4, true, 170, 186, 111, 101, 116, 126, 149, 178, 194, 110
5, true, 196, 117, 112, 114, 140, 198, 130, 131, 107, 105
6, true, 143, 135, 112, 152, 126, 138, 199, 185, 185, 116
7, true, 115, 189, 194, 151, 118, 129, 115, 199, 109, 103
8, true, 107, 133, 150, 130, 115, 198, 173, 196, 131, 126
9, true, 151, 151, 151, 125, 194, 164, 106, 180, 150, 180
10, true, 117, 119, 144, 166, 171, 143, 106, 148, 183, 114
11, true, 136, 106, 179, 151, 194, 125, 108, 182, 114, 180
12, true, 176, 187, 112, 143, 126, 171, 122, 119, 182, 183
13, true, 165, 105, 116, 124, 113, 130, 199, 114, 127, 143
14, true, 123, 127, 185, 138, 119, 173, 143, 197, 101, 119
15, true, 180, 191, 144, 109, 162, 198, 114, 187, 147, 187
16, false, null, null, null, null, null, null, null, null, null, null
17, false, null, null, null, null, null, null, null, null, null, null
18, true, 184, 116, 137, 114, 185, 185, 127, 120, 186, 153
19, true, 128, 125, 159, 110, 165, 130, 135, 155, 115, 158
20, true, 120, 122, 172, 116, 126, 101, 193, 148, 113, 110
21, true, 177, 123, 196, 168, 174, 155, 121, 100, 183, 193
22, true, 190, 111, 154, 186, 197, 185, 198, 135, 111, 176
23, false, null, null, null, null, null, null, null, null, null, null
24, true, 159, 127, 146, 145, 151, 117, 173, 163, 174, 108
25, true, 157, 142, 144, 160, 137, 114, 141, 191, 107, 171
26, true, 130, 125, 195, 166, 126, 192, 137, 165, 175, 160
27, true, 127, 180, 148, 162, 139, 155, 104, 199, 129, 163
28, true, 152, 172, 172, 192, 154, 147, 110, 110, 174, 167
29, true, 100, 138, 185, 195, 188, 150, 117, 184, 129, 144
30, true, 133, 190, 150, 160, 180, 154, 153, 166, 176, 136
31, true, 162, 136, 114, 119, 155, 140, 120, 171, 197, 160
32, true, 169, 173, 165, 145, 170, 168, 180, 154, 142, 185
33, true, 172, 126, 133, 174, 128, 197, 166, 150, 171, 197
34, true, 114, 151, 102, 127, 137, 141, 117, 123, 154, 137
35, true, 111, 137, 159, 159, 182, 182, 140, 161, 192, 162
36, true, 100, 120, 167, 130, 136, 187, 122, 116, 111, 144
37, true, 185, 108, 134, 197, 197, 188, 136, 153, 193, 144
38, true, 106, 109, 182, 187, 183, 107, 112, 161, 130, 137
39, true, 119, 119, 128, 177, 157, 118, 119, 131, 187, 125
40, true, 103, 198, 189, 122, 153, 109, 161, 163, 160, 100
41, true, 199, 133, 109, 121, 169, 193, 170, 129, 115, 138
42, false, null, null, null, null, null, null, null, null, null, null
43, true, 106, 175, 188, 180, 170, 195, 159, 149, 191, 198
44, true, 199, 115, 155, 176, 148, 122, 116, 144, 140, 109
45, true, 131, 106, 177, 130, 162, 187, 152, 142, 189, 169
46, true, 191, 165, 189, 193, 171, 183, 102, 187, 100, 157
47, true, 106, 140, 167, 100, 111, 194, 100, 122, 193, 119
48, false, null, null, null, null, null, null, null, null, null, null
49, true, 136, 125, 132, 149, 196, 148, 152, 112, 117, 120
50, true, 158, 127, 113, 186, 188, 132, 195, 121, 170, 168
51, true, 145, 179, 179, 117, 120, 145, 137, 198, 123, 139
52, true, 172, 151, 159, 181, 156, 107, 116, 140, 104, 134
53, true, 119, 168, 163, 161, 174, 190, 103, 167, 126, 151
54, true, 171, 132, 142, 195, 136, 128, 186, 179, 186, 139
55, true, 139, 148, 181, 137, 162, 122, 154, 136, 152, 130
56, false, null, null, null, null, null, null, null, null, null, null
57, true, 179, 180, 108, 116, 134, 195, 105, 179, 179, 105
58, false, null, null, null, null, null, null, null, null, null, null
59, true, 155, 195, 189, 199, 196, 100, 124, 190, 198, 131
60, false, null, null, null, null, null, null, null, null, null, null
61, true, 156, 182, 114, 135, 165, 193, 187, 107, 106, 164
62, true, 126, 114, 134, 179, 141, 132, 154, 186, 151, 115
63, true, 152, 115, 176, 158, 103, 139, 129, 106, 103, 107
64, true, 161, 193, 181, 126, 138, 198, 110, 197, 189, 153
65, true, 156, 157, 137, 143, 165, 150, 132, 144, 184, 164
66, true, 126, 156, 191, 191, 105, 104, 183, 117, 168, 179
67, true, 199, 142, 162, 129, 198, 102, 164, 115, 173, 162
68, true, 116, 157, 111, 170, 128, 181, 189, 166, 129, 108
69, false, null, null, null, null, null, null, null, null, null, null
70, true, 195, 152, 124, 144, 117, 128, 179, 135, 178, 110
71, true, 184, 160, 124, 136, 164, 193, 194, 163, 135, 144
72, true, 116, 101, 112, 188, 119, 174, 139, 173, 160, 122
73, true, 156, 190, 178, 179, 149, 125, 181, 183, 182, 137
74, true, 194, 107, 141, 183, 110, 157, 141, 196, 123, 129
75, false, null, null, null, null, null, null, null, null, null, null
76, true, 144, 197, 157, 177, 129, 107, 176, 148, 142, 170
77, true, 192, 135, 173, 135, 173, 146, 116, 148, 169, 110
78, true, 196, 129, 182, 191, 135, 197, 182, 102, 140, 102
79, true, 114, 125, 181, 104, 128, 110, 173, 109, 184, 138
80, true, 174, 135, 119, 163, 185, 196, 181, 196, 143, 179
81, false, null, null, null, null, null, null, null, null, null, null
82, true, 134, 177, 135, 138, 114, 184, 146, 110, 195, 140
83, true, 100, 176, 136, 107, 106, 122, 136, 127, 178, 150
84, true, 161, 141, 137, 199, 187, 111, 107, 116, 100, 105
85, true, 178, 123, 197, 185, 140, 158, 147, 105, 173, 135
86, true, 168, 113, 178, 168, 127, 184, 169, 187, 114, 171
87, true, 129, 198, 133, 185, 137, 130, 119, 138, 125, 113
88, true, 178, 174, 121, 160, 148, 112, 190, 163, 123, 171
89, false, null, null, null, null, null, null, null, null, null, null
90, true, 179, 144, 125, 170, 154, 179, 129, 197, 153, 168
91, true, 135, 168, 105, 137, 114, 191, 164, 111, 149, 179
92, true, 195, 179, 123, 139, 169, 170, 152, 131, 199, 173
93, true, 136, 124, 148, 100, 161, 189, 145, 139, 131, 122
94, true, 197, 150, 123, 179, 138, 102, 173, 111, 125, 155
95, true, 175, 153, 189, 145, 157, 191, 114, 117, 153, 105
96, true, 119, 123, 189, 191, 170, 133, 137, 115, 108, 128
97, true, 141, 132, 163, 179, 154, 133, 181, 197, 158, 187
98, true, 132, 109, 119, 145, 120, 124, 122, 100, 112, 191
99, true, 106, 163, 156, 129, 153, 169, 154, 174, 113, 161
100, true, 105, 151, 161, 145, 171, 120, 114, 151, 110, 190
1, true, 140, 164, 155, 167, 115, 142, 127, 148, 170, 172
2, true, 180, 118, 143, 174, 148, 113, 137, 149, 106, 199
3, true, 187, 163, 128, 116, 194, 180, 191, 195, 130, 148
4, true, 129, 128, 198, 112, 196, 120, 133, 194, 125, 180
5, true, 144, 105, 196, 158, 144, 131, 190, 144, 138, 117
6, true, 112, 156, 157, 164, 153, 149, 142, 167, 108, 183
7, true, 187, 176, 181, 196, 168, 177, 101, 119, 164, 118
8, true, 178, 142, 168, 138, 140, 184, 148, 143, 187, 184
9, true, 157, 194, 178, 148, 149, 199, 128, 124, 142, 124
10, true, 184, 140, 119, 175, 194, 119, 100, 194, 120, 131
11, true, 113, 116, 171, 129, 150, 110, 199, 126, 147, 182
12, true, 196, 116, 127, 142, 163, 190, 150, 125, 123, 163
13, false, null, null, null, null, null, null, null, null, null, null
14, true, 192, 173, 130, 160, 108, 119, 117, 118, 127, 164
15, true, 123, 107, 129, 164, 179, 167, 171, 114, 154, 141
16, true, 111, 128, 177, 159, 101, 131, 172, 198, 118, 115
17, true, 113, 135, 126, 158, 110, 191, 139, 155, 134, 112
18, true, 150, 184, 122, 113, 113, 183, 162, 188, 101, 158
19, true, 132, 182, 153, 113, 168, 177, 157, 117, 115, 104
20, true, 118, 104, 191, 121, 151, 156, 149, 160, 182, 184
21, true, 115, 102, 191, 153, 149, 108, 130, 190, 167, 107
22, true, 169, 188, 104, 164, 133, 107, 112, 177, 103, 117
23, false, null, null, null, null, null, null, null, null, null, null
24, true, 115, 184, 165, 141, 118, 124, 167, 197, 120, 189
25, true, 144, 132, 150, 191, 110, 159, 193, 170, 106, 116
26, true, 139, 193, 172, 127, 120, 171, 170, 189, 163, 167
27, true, 102, 132, 178, 183, 165, 186, 183, 109, 157, 118
28, true, 107, 143, 183, 170, 134, 114, 118, 185, 171, 195
29, false, null, null, null, null, null, null, null, null, null, null
30, true, 113, 135, 190, 177, 116, 121, 171, 119, 125, 109
31, true, 122, 102, 180, 188, 132, 157, 168, 192, 133, 163
32, true, 182, 178, 188, 175, 138, 122, 134, 131, 146, 124
33, true, 175, 171, 151, 146, 123, 123, 144, 167, 116, 183
34, true, 125, 162, 157, 110, 168, 156, 105, 109, 153, 186
35, true, 148, 167, 154, 161, 181, 156, 144, 106, 156, 116
36, true, 142, 118, 123, 108, 129, 196, 151, 173, 152, 158
37, true, 191, 156, 111, 110, 113, 108, 106, 143, 103, 198
38, true, 155, 134, 127, 106, 108, 111, 170, 116, 171, 167
39, true, 196, 155, 102, 178, 181, 150, 147, 106, 116, 168
40, true, 172, 136, 189, 158, 143, 111, 168, 112, 168, 197
41, false, null, null, null, null, null, null, null, null, null, null
42, true, 162, 128, 153, 103, 136, 180, 132, 107, 190, 169
43, true, 195, 115, 119, 177, 102, 190, 134, 156, 190, 122
44, true, 144, 171, 178, 124, 186, 112, 190, 186, 175, 118
45, true, 144, 118, 118, 113, 187, 153, 129, 118, 144, 197
46, true, 136, 184, 101, 168, 168, 109, 117, 134, 178, 157
47, false, null, null, null, null, null, null, null, null, null, null
48, false, null, null, null, null, null, null, null, null, null, null
49, true, 107, 157, 177, 164, 133, 129, 122, 145, 156, 117
50, true, 126, 157, 113, 189, 111, 126, 102, 107, 110, 179
51, true, 105, 190, 144, 159, 114, 130, 127, 144, 188, 175
52, true, 144, 158, 134, 159, 130, 177, 134, 170, 145, 170
53, true, 175, 123, 161, 183, 115, 193, 102, 136, 198, 199
54, true, 133, 198, 119, 105, 143, 188, 105, 149, 108, 112
55, true, 135, 154, 130, 105, 149, 109, 135, 164, 194, 105
56, true, 163, 167, 126, 100, 152, 157, 170, 144, 198, 123
57, true, 157, 145, 154, 112, 185, 168, 183, 122, 188, 110
58, true, 189, 138, 166, 172, 159, 147, 166, 176, 169, 177
59, true, 101, 123, 175, 131, 103, 110, 116, 166, 199, 193
60, true, 193, 188, 176, 141, 192, 138, 104, 198, 134, 160
61, true, 150, 183, 138, 163, 132, 164, 146, 106, 102, 172
62, true, 193, 116, 171, 136, 187, 143, 152, 151, 124, 172
63, true, 180, 184, 180, 108, 120, 133, 141, 190, 167, 150
64, true, 175, 159, 183, 103, 173, 154, 141, 141, 190, 110
65, true, 164, 136, 125, 188, 101, 176, 147, 176, 161, 183
66, false, null, null, null, null, null, null, null, null, null, null
67, false, null, null, null, null, null, null, null, null, null, null
68, false, null, null, null, null, null, null, null, null, null, null
69, true, 172, 173, 175, 168, 142, 170, 191, 163, 152, 101
70, true, 187, 188, 194, 127, 163, 188, 182, 166, 103, 100
71, false, null, null, null, null, null, null, null, null, null, null
72, true, 171, 108, 116, 161, 126, 140, 164, 139, 118, 120
73, true, 160, 173, 194, 138, 198, 112, 123, 104, 159, 145
74, true, 183, 164, 184, 187, 186, 133, 167, 146, 151, 130
75, true, 115, 189, 190, 155, 157, 107, 166, 180, 135, 184
76, true, 129, 124, 178, 194, 105, 132, 176, 128, 117, 150
77, true, 197, 173, 166, 103, 137, 182, 184, 189, 137, 188
78, true, 111, 159, 112, 130, 193, 151, 160, 115, 195, 108
79, true, 192, 154, 117, 161, 140, 160, 179, 130, 141, 152
80, true, 113, 127, 181, 141, 105, 195, 183, 150, 199, 119
81, true, 102, 108, 125, 142, 166, 102, 195, 122, 176, 175
82, true, 183, 169, 104, 142, 113, 167, 187, 189, 196, 127
83, true, 164, 178, 108, 144, 150, 181, 139, 145, 148, 198
84, true, 146, 112, 137, 149, 188, 102, 173, 156, 146, 178
85, true, 198, 126, 142, 180, 135, 195, 150, 125, 191, 136
86, true, 189, 141, 166, 132, 185, 115, 152, 174, 164, 187
87, true, 160, 136, 126, 160, 182, 163, 115, 199, 132, 176
88, true, 146, 121, 178, 172, 197, 118, 119, 116, 120, 147
89, false, null, null, null, null, null, null, null, null, null, null
90, true, 129, 150, 159, 112, 163, 119, 115, 116, 190, 179
91, true, 157, 110, 173, 169, 144, 192, 106, 108, 193, 144
92, true, 180, 148, 146, 159, 107, 130, 138, 174, 124, 170
93, true, 157, 135, 181, 111, 104, 186, 162, 137, 167, 125
94, true, 112, 197, 177, 174, 185, 145, 193, 192, 107, 147
95, true, 154, 165, 141, 142, 181, 133, 169, 174, 162, 129
96, true, 177, 115, 124, 109, 158, 129, 171, 122, 195, 197
97, false, null, null, null, null, null, null, null, null, null, null
98, true, 128, 168, 141, 146, 168, 179, 148, 154, 110, 185
99, true, 198, 135, 161, 124, 156, 171, 173, 160, 164, 156
100, true, 179, 154, 129, 160, 125, 167, 113, 117, 116, 110
1, true, 117, 194, 151, 140, 199, 167, 195, 191, 112, 185
2, true, 105, 133, 135, 176, 171, 120, 136, 174, 110, 180
3, true, 183, 145, 105, 155, 124, 183, 144, 144, 137, 177
4, true, 107, 177, 144, 172, 152, 182, 130, 155, 158, 103
5, true, 196, 180, 194, 164, 183, 105, 158, 143, 108, 159
6, false, null, null, null, null, null, null, null, null, null, null
7, true, 180, 190, 158, 169, 173, 142, 184, 146, 176, 150
8, true, 161, 181, 105, 137, 192, 126, 183, 165, 185, 170
9, true, 117, 121, 113, 174, 193, 130, 150, 148, 193, 121
10, true, 172, 189, 157, 199, 162, 103, 153, 154, 175, 170
11, true, 134, 170, 115, 161, 100, 152, 143, 101, 165, 107
12, true, 129, 136, 100, 144, 191, 182, 100, 142, 169, 176
13, true, 128, 160, 124, 102, 190, 146, 190, 108, 149, 143
14, true, 138, 112, 173, 152, 107, 191, 115, 176, 153, 120
15, false, null, null, null, null, null, null, null, null, null, null
16, true, 144, 182, 129, 172, 169, 166, 163, 145, 187, 175
17, true, 161, 126, 144, 118, 187, 176, 112, 110, 194, 127
18, true, 148, 177, 102, 185, 191, 179, 138, 130, 196, 165
19, true, 193, 129, 189, 129, 167, 182, 134, 116, 177, 188
20, true, 114, 118, 151, 162, 151, 196, 193, 138, 191, 129
21, false, null, null, null, null, null, null, null, null, null, null
22, true, 154, 112, 115, 109, 100, 169, 154, 121, 144, 124
23, true, 184, 181, 147, 144, 174, 134, 106, 162, 174, 166
24, true, 176, 108, 124, 127, 195, 131, 186, 111, 118, 198
25, false, null, null, null, null, null, null, null, null, null, null
26, true, 192, 157, 173, 108, 128, 195, 159, 140, 182, 151
27, true, 110, 180, 120, 100, 146, 150, 180, 166, 111, 137
28, true, 114, 173, 179, 181, 183, 116, 146, 173, 103, 172
29, true, 116, 195, 195, 113, 158, 132, 151, 140, 187, 149
30, true, 157, 177, 145, 130, 139, 195, 132, 194, 134, 159
31, true, 104, 187, 152, 161, 126, 158, 196, 121, 129, 168
32, true, 186, 131, 148, 118, 185, 161, 106, 168, 133, 183
33, true, 181, 138, 177, 176, 197, 141, 155, 175, 198, 117
34, true, 185, 171, 124, 131, 106, 116, 187, 151, 162, 124
35, true, 162, 139, 195, 131, 186, 131, 198, 121, 108, 109
36, true, 118, 132, 132, 110, 121, 186, 124, 136, 144, 188
37, true, 121, 147, 156, 141, 145, 106, 103, 185, 120, 133
38, true, 129, 181, 185, 118, 130, 189, 159, 111, 113, 184
39, true, 175, 185, 144, 103, 132, 153, 142, 199, 141, 150
40, true, 192, 122, 193, 122, 140, 157, 181, 199, 103, 128
41, true, 155, 137, 124, 120, 108, 153, 139, 149, 140, 127
42, true, 161, 162, 150, 100, 176, 164, 124, 178, 191, 191
43, true, 121, 190, 186, 100, 171, 148, 184, 183, 199, 145
44, false, null, null, null, null, null, null, null, null, null, null
45, true, 153, 190, 111, 107, 190, 137, 117, 130, 108, 171
46, false, null, null, null, null, null, null, null, null, null, null
47, true, 111, 127, 101, 172, 179, 141, 173, 114, 134, 177
48, true, 156, 113, 153, 198, 117, 145, 121, 181, 154, 109
49, true, 110, 181, 184, 120, 171, 154, 143, 144, 129, 138
50, true, 104, 154, 130, 168, 130, 167, 176, 182, 180, 135
51, true, 129, 161, 102, 104, 178, 139, 179, 118, 187, 177
52, false, null, null, null, null, null, null, null, null, null, null
53, true, 138, 145, 173, 177, 129, 189, 147, 125, 154, 129
54, true, 129, 149, 159, 111, 176, 193, 145, 170, 188, 119
55, true, 171, 160, 148, 120, 165, 137, 199, 187, 126, 108
56, true, 197, 137, 156, 177, 129, 118, 132, 182, 119, 138
57, true, 190, 137, 120, 198, 168, 146, 110, 110, 183, 166
58, true, 187, 181, 144, 134, 138, 184, 192, 160, 124, 102
59, true, 168, 133, 167, 100, 124, 150, 149, 155, 193, 108
60, true, 106, 199, 132, 112, 115, 190, 141, 151, 131, 162
61, true, 108, 182, 187, 141, 163, 115, 138, 115, 135, 160
62, true, 164, 162, 149, 180, 121, 187, 119, 135, 153, 113
63, true, 154, 195, 163, 166, 194, 145, 128, 102, 167, 178
64, true, 136, 198, 117, 124, 108, 187, 173, 192, 112, 143
65, true, 182, 153, 103, 122, 149, 187, 118, 195, 149, 174
66, true, 174, 161, 106, 139, 182, 173, 147, 176, 156, 119
67, true, 113, 152, 182, 192, 116, 145, 177, 182, 102, 182
68, true, 108, 107, 157, 110, 115, 137, 125, 185, 167, 164
69, false, null, null, null, null, null, null, null, null, null, null
70, true, 143, 148, 149, 110, 143, 165, 109, 169, 154, 165
71, true, 125, 199, 199, 144, 104, 128, 177, 140, 180, 191
72, true, 158, 182, 113, 148, 177, 192, 126, 174, 106, 115
73, true, 176, 192, 182, 110, 194, 120, 178, 178, 186, 186
74, true, 194, 104, 181, 169, 114, 175, 147, 110, 113, 164
75, true, 138, 121, 188, 154, 189, 105, 193, 153, 118, 181
76, true, 157, 106, 172, 100, 129, 178, 116, 145, 192, 184
77, true, 141, 197, 195, 145, 140, 197, 101, 173, 187, 128
78, false, null, null, null, null, null, null, null, null, null, null
79, true, 165, 165, 143, 136, 186, 135, 145, 105, 127, 116
80, true, 145, 180, 142, 163, 139, 180, 126, 127, 198, 177
81, true, 182, 190, 123, 128, 172, 112, 183, 173, 179, 138
82, true, 186, 171, 170, 121, 189, 184, 108, 147, 144, 126
83, true, 151, 139, 144, 165, 157, 147, 107, 146, 158, 160
84, true, 166, 131, 121, 112, 153, 135, 157, 118, 125, 145
85, true, 199, 137, 122, 102, 168, 142, 122, 117, 167, 102
86, true, 114, 165, 125, 184, 192, 147, 101, 196, 135, 173
87, true, 180, 165, 180, 148, 192, 195, 139, 143, 171, 157
88, true, 155, 189, 163, 192, 121, 165, 160, 182, 171, 147
89, true, 191, 135, 128, 137, 198, 120, 112, 151, 123, 161
90, true, 156, 193, 196, 180, 173, 187, 129, 149, 189, 176
91, true, 117, 119, 172, 166, 184, 154, 185, 161, 156, 166
92, false, null, null, null, null, null, null, null, null, null, null
93, true, 118, 148, 147, 147, 154, 187, 121, 121, 129, 163
94, true, 183, 151, 183, 157, 165, 145, 127, 147, 112, 147
95, true, 104, 160, 177, 151, 181, 108, 102, 105, 107, 179
96, false, null, null, null, null, null, null, null, null, null, null
97, true, 120, 193, 135, 197, 174, 146, 178, 190, 172, 185
98, true, 147, 115, 157, 167, 101, 127, 173, 193, 178, 189
99, true, 107, 177, 169, 130, 158, 185, 106, 126, 163, 178
100, true, 192, 182, 136, 184, 119, 143, 110, 161, 192, 138
1, true, 135, 106, 196, 154, 127, 195, 110, 101, 147, 113
2, true, 124, 114, 139, 196, 148, 190, 147, 174, 125, 178
3, true, 161, 117, 169, 139, 193, 188, 114, 160, 154, 199
4, true, 155, 143, 156, 185, 121, 169, 175, 134, 129, 186
5, true, 160, 161, 152, 118, 133, 165, 106, 187, 116, 126
6, true, 125, 164, 157, 116, 168, 110, 150, 123, 129, 178
7, true, 127, 190, 135, 176, 107, 117, 136, 189, 117, 179
8, true, 175, 142, 183, 133, 130, 161, 191, 137, 191, 161
9, true, 181, 169, 171, 178, 127, 173, 144, 121, 140, 105
10, true, 172, 163, 128, 166, 165, 102, 115, 136, 179, 186
11, true, 123, 132, 135, 172, 182, 165, 179, 108, 104, 111
12, true, 189, 188, 101, 153, 106, 158, 148, 178, 100, 146
13, true, 162, 105, 136, 145, 140, 144, 110, 107, 181, 157
14, true, 109, 108, 192, 196, 198, 190, 176, 159, 139, 182
15, true, 117, 108, 155, 189, 182, 165, 115, 191, 132, 123
16, true, 174, 183, 148, 191, 170, 106, 153, 179, 127, 101
17, true, 172, 173, 161, 101, 137, 191, 130, 137, 124, 141
18, true, 112, 123, 179, 182, 114, 163, 192, 179, 103, 138
19, true, 184, 174, 151, 182, 177, 165, 177, 189, 101, 148
20, true, 105, 161, 170, 126, 192, 162, 168, 102, 195, 113
21, true, 175, 180, 185, 192, 142, 116, 156, 123, 192, 181
22, true, 192, 129, 155, 190, 148, 101, 134, 116, 166, 199
23, true, 150, 120, 104, 129, 156, 139, 166, 152, 149, 178
24, true, 112, 187, 137, 175, 122, 158, 172, 114, 190, 155
25, true, 181, 155, 149, 137, 118, 124, 145, 111, 198, 111
26, false, null, null, null, null, null, null, null, null, null, null
27, true, 190, 184, 168, 181, 155, 145, 142, 109, 129, 146
28, true, 117, 111, 124, 135, 108, 198, 192, 112, 138, 107
29, true, 193, 195, 153, 105, 151, 150, 193, 139, 114, 166
30, true, 151, 127, 115, 186, 166, 155, 138, 138, 116, 179
31, true, 190, 157, 190, 144, 153, 122, 195, 168, 142, 141
32, true, 123, 138, 161, 168, 131, 198, 113, 103, 163, 101
33, true, 195, 179, 160, 131, 197, 165, 156, 172, 132, 143
34, true, 188, 162, 136, 115, 103, 158, 136, 170, 136, 115
35, true, 191, 142, 118, 184, 101, 126, 112, 124, 136, 138
36, true, 194, 109, 197, 110, 172, 138, 101, 162, 130, 152
37, true, 191, 192, 130, 121, 160, 193, 150, 134, 169, 150
38, true, 111, 158, 120, 119, 123, 135, 174, 123, 110, 109
39, true, 157, 167, 110, 137, 160, 171, 125, 130, 184, 171
40, true, 149, 106, 161, 119, 194, 137, 122, 117, 118, 167
41, false, null, null, null, null, null, null, null, null, null, null
42, true, 129, 123, 172, 130, 135, 129, 155, 109, 151, 193
43, true, 106, 161, 151, 192, 180, 196, 110, 180, 157, 141
44, true, 115, 145, 193, 135, 157, 105, 136, 131, 129, 159
45, true, 187, 138, 104, 168, 180, 143, 100, 186, 146, 137
46, true, 124, 157, 197, 171, 141, 107, 149, 178, 164, 162
47, true, 123, 163, 175, 125, 141, 161, 120, 138, 139, 191
48, true, 146, 155, 165, 109, 140, 115, 103, 102, 174, 180
49, true, 124, 178, 109, 102, 111, 105, 183, 100, 157, 199
50, true, 104, 165, 161, 158, 195, 106, 189, 128, 177, 159
51, true, 185, 102, 124, 103, 195, 195, 121, 166, 141, 144
52, true, 150, 187, 182, 120, 145, 192, 116, 127, 108, 185
53, true, 143, 165, 133, 133, 126, 135, 168, 189, 157, 100
54, true, 116, 149, 146, 112, 177, 152, 136, 120, 124, 137
55, true, 140, 128, 136, 149, 137, 108, 160, 143, 188, 110
56, true, 138, 115, 195, 169, 193, 114, 139, 113, 135, 127
57, true, 104, 193, 125, 116, 186, 101, 111, 122, 195, 190
58, true, 193, 164, 121, 106, 103, 102, 176, 100, 150, 121
59, true, 100, 129, 196, 184, 196, 171, 129, 174, 149, 183
60, true, 153, 196, 176, 194, 177, 143, 121, 189, 121, 105
61, true, 160, 158, 136, 124, 177, 125, 109, 184, 164, 162
62, true, 155, 148, 108, 111, 171, 171, 120, 185, 190, 112
63, true, 175, 142, 148, 101, 142, 190, 167, 147, 154, 181
64, true, 108, 105, 132, 172, 158, 100, 179, 108, 181, 101
65, true, 119, 199, 106, 107, 131, 153, 174, 198, 137, 104
66, true, 140, 106, 193, 147, 182, 103, 196, 102, 111, 112
67, true, 117, 133, 193, 110, 199, 180, 113, 146, 138, 108
68, true, 196, 109, 147, 137, 105, 145, 181, 126, 169, 183
69, true, 168, 156, 126, 104, 182, 129, 198, 110, 179, 119
70, true, 133, 100, 117, 110, 158, 102, 147, 117, 167, 197
71, true, 189, 157, 130, 134, 136, 171, 108, 166, 115, 124
72, true, 101, 185, 147, 149, 185, 188, 101, 115, 163, 120
73, true, 121, 135, 175, 136, 109, 186, 149, 129, 139, 128
74, true, 168, 143, 111, 192, 121, 156, 109, 146, 136, 195
75, true, 177, 149, 121, 155, 103, 123, 149, 147, 118, 141
76, true, 179, 177, 109, 188, 137, 148, 143, 169, 193, 186
77, true, 139, 166, 102, 133, 104, 177, 169, 188, 162, 142
78, true, 168, 160, 114, 133, 152, 181, 148, 176, 115, 126
79, true, 128, 148, 101, 105, 182, 144, 146, 195, 195, 119
80, true, 138, 117, 178, 126, 113, 111, 159, 136, 111, 183
81, true, 139, 149, 166, 131, 113, 121, 138, 135, 188, 192
82, true, 115, 158, 165, 185, 112, 103, 192, 174, 138, 178
83, true, 144, 141, 115, 140, 112, 138, 153, 170, 180, 163
84, true, 158, 154, 191, 182, 168, 144, 173, 152, 175, 160
85, true, 159, 191, 178, 120, 182, 117, 183, 167, 147, 171
86, true, 187, 167, 158, 174, 157, 143, 195, 135, 124, 138
87, false, null, null, null, null, null, null, null, null, null, null
88, true, 196, 136, 137, 124, 137, 168, 111, 187, 121, 150
89, true, 101, 132, 153, 155, 124, 156, 120, 136, 104, 149
90, true, 183, 107, 150, 147, 127, 124, 127, 161, 117, 164
91, true, 120, 125, 138, 126, 138, 104, 147, 136, 182, 148
92, true, 138, 176, 178, 162, 142, 180, 170, 134, 149, 137
93, true, 188, 126, 155, 167, 100, 159, 194, 171, 123, 170
94, true, 111, 154, 153, 175, 143, 137, 146, 165, 186, 157
95, true, 184, 195, 108, 128, 180, 199, 180, 120, 174, 124
96, true, 139, 187, 158, 124, 132, 153, 166, 124, 107, 143
97, true, 175, 121, 159, 121, 150, 177, 170, 183, 136, 188
98, true, 152, 157, 168, 126, 138, 128, 145, 106, 178, 169
99, true, 186, 158, 187, 186, 109, 113, 164, 153, 101, 111
100, true, 187, 128, 185, 196, 197, 173, 165, 184, 137, 198
1, true, 118, 154, 194, 158, 188, 152, 159, 127, 118, 145
2, true, 168, 128, 115, 158, 180, 165, 130, 157, 167, 127
3, true, 187, 159, 141, 156, 153, 180, 114, 104, 121, 160
4, true, 106, 103, 147, 118, 125, 151, 139, 119, 140, 153
5, false, null, null, null, null, null, null, null, null, null, null
6, true, 116, 186, 112, 120, 193, 102, 159, 121, 157, 168
7, false, null, null, null, null, null, null, null, null, null, null
8, true, 189, 179, 153, 151, 194, 198, 106, 123, 118, 159
9, true, 104, 130, 162, 154, 167, 186, 152, 105, 153, 164
10, true, 111, 195, 100, 149, 135, 107, 134, 148, 192, 178
11, true, 126, 194, 164, 176, 116, 144, 154, 166, 147, 119
12, true, 158, 125, 119, 100, 166, 128, 153, 172, 120, 153
13, true, 187, 117, 198, 117, 130, 101, 189, 170, 184, 115
14, true, 113, 147, 158, 196, 184, 174, 138, 121, 192, 135
15, true, 151, 167, 109, 126, 176, 188, 101, 136, 109, 186
16, true, 104, 134, 141, 185, 198, 124, 101, 161, 130, 135
17, true, 119, 105, 188, 194, 103, 112, 176, 128, 175, 101
18, true, 199, 175, 121, 167, 141, 140, 112, 133, 120, 139
19, true, 137, 118, 129, 115, 193, 161, 151, 129, 170, 179
20, true, 120, 137, 130, 123, 166, 133, 149, 172, 158, 165
21, true, 111, 187, 191, 127, 128, 190, 156, 127, 179, 100
22, true, 129, 132, 115, 183, 122, 169, 107, 144, 111, 135
23, true, 186, 155, 135, 179, 136, 164, 129, 105, 171, 140
24, true, 188, 169, 186, 131, 119, 141, 108, 185, 104, 164
25, true, 144, 113, 183, 114, 180, 175, 110, 132, 119, 154
26, false, null, null, null, null, null, null, null, null, null, null
27, true, 139, 153, 159, 181, 142, 182, 161, 187, 198, 196
28, true, 113, 158, 156, 118, 175, 120, 141, 127, 140, 159
29, true, 110, 197, 170, 120, 114, 182, 106, 134, 128, 144
30, true, 196, 147, 188, 108, 180, 117, 177, 184, 175, 100
31, true, 197, 193, 122, 165, 108, 114, 150, 145, 161, 194
32, true, 103, 172, 151, 134, 176, 118, 164, 123, 193, 171
33, true, 116, 190, 113, 147, 150, 199, 138, 122, 140, 186
34, true, 132, 155, 161, 126, 199, 162, 154, 197, 104, 138
35, true, 163, 176, 134, 100, 176, 161, 108, 117, 140, 165
36, true, 131, 188, 191, 125, 151, 129, 106, 135, 108, 152
37, true, 145, 159, 151, 188, 159, 110, 157, 166, 199, 123
38, true, 185, 117, 158, 125, 180, 145, 118, 192, 126, 153
39, true, 112, 160, 132, 113, 185, 168, 132, 132, 169, 124
40, true, 110, 104, 159, 113, 191, 194, 173, 106, 192, 196
41, true, 160, 189, 159, 107, 179, 165, 197, 115, 177, 114
42, true, 144, 112, 166, 150, 107, 198, 158, 166, 195, 139
43, true, 101, 134, 177, 122, 148, 129, 177, 142, 194, 135
44, true, 139, 117, 140, 119, 198, 146, 129, 134, 182, 166
45, true, 121, 187, 114, 141, 186, 169, 140, 107, 166, 166
46, true, 148, 197, 112, 180, 122, 109, 102, 142, 116, 137
47, false, null, null, null, null, null, null, null, null, null, null
48, true, 153, 189, 100, 139, 101, 120, 192, 196, 159, 148
49, false, null, null, null, null, null, null, null, null, null, null
50, true, 176, 135, 117, 112, 164, 100, 148, 194, 152, 195
51, true, 166, 144, 163, 172, 113, 169, 190, 179, 144, 142
52, false, null, null, null, null, null, null, null, null, null, null
53, true, 155, 125, 182, 199, 155, 104, 182, 104, 199, 119
54, true, 190, 100, 149, 163, 184, 140, 148, 100, 192, 125
55, true, 121, 158, 188, 121, 136, 193, 154, 115, 181, 160
56, true, 141, 102, 181, 187, 104, 106, 122, 161, 114, 199
57, true, 155, 128, 119, 163, 106, 150, 154, 155, 102, 125
58, true, 185, 110, 165, 140, 158, 177, 175, 192, 181, 154
59, true, 138, 157, 102, 127, 161, 166, 160, 176, 141, 134
60, true, 180, 151, 137, 173, 193, 199, 119, 162, 129, 134
61, true, 158, 109, 117, 169, 137, 107, 127, 159, 131, 189
62, true, 178, 101, 140, 145, 160, 111, 188, 185, 191, 135
63, true, 193, 140, 167, 122, 177, 168, 132, 161, 159, 144
64, true, 193, 112, 193, 190, 198, 141, 105, 141, 168, 194
65, true, 186, 185, 180, 126, 184, 181, 190, 192, 169, 111
66, true, 115, 156, 145, 113, 115, 187, 185, 164, 179, 114
67, true, 194, 117, 164, 195, 149, 147, 149, 157, 136, 171
68, true, 152, 104, 198, 192, 114, 126, 125, 189, 115, 190
69, true, 152, 126, 106, 193, 120, 103, 124, 194, 161, 151
70, true, 138, 104, 187, 106, 100, 144, 141, 115, 130, 174
71, true, 167, 130, 162, 126, 118, 129, 192, 152, 147, 156
72, true, 197, 132, 175, 121, 109, 144, 112, 174, 134, 108
73, true, 122, 148, 126, 170, 152, 176, 121, 119, 137, 152
74, true, 157, 149, 113, 199, 148, 113, 165, 156, 114, 127
75, true, 138, 106, 101, 139, 178, 190, 176, 192, 165, 184
76, true, 140, 176, 156, 115, 119, 160, 140, 109, 147, 115
77, true, 195, 137, 188, 159, 164, 183, 161, 153, 108, 195
78, true, 194, 158, 193, 102, 145, 167, 168, 163, 189, 124
79, true, 199, 189, 111, 184, 178, 114, 102, 137, 153, 118
80, true, 131, 108, 177, 155, 154, 190, 139, 104, 162, 128
81, true, 131, 127, 175, 182, 135, 111, 142, 137, 114, 198
82, true, 164, 160, 112, 175, 142, 179, 155, 129, 163, 125
83, true, 146, 183, 134, 109, 116, 163, 129, 188, 154, 102
84, true, 189, 101, 103, 165, 199, 199, 140, 137, 107, 132
85, true, 177, 160, 108, 191, 104, 174, 199, 122, 127, 131
86, true, 108, 195, 124, 130, 144, 147, 142, 154, 164, 151
87, true, 147, 167, 182, 172, 166, 130, 182, 120, 167, 131
88, true, 183, 114, 164, 148, 169, 103, 198, 171, 146, 157
89, true, 104, 137, 158, 155, 121, 171, 175, 109, 169, 123
90, true, 135, 175, 119, 125, 180, 117, 110, 179, 148, 163
91, false, null, null, null, null, null, null, null, null, null, null
92, true, 123, 133, 191, 115, 107, 135, 124, 177, 129, 162
93, true, 108, 146, 115, 186, 141, 110, 106, 102, 165, 137
94, true, 174, 175, 199, 180, 102, 118, 199, 188, 152, 182
95, true, 156, 148, 114, 170, 109, 144, 188, 104, 198, 115
96, true, 138, 174, 138, 193, 155, 125, 189, 181, 102, 137
97, true, 151, 114, 160, 168, 120, 173, 168, 125, 199, 137
98, true, 184, 155, 101, 125, 109, 117, 161, 109, 179, 167
99, true, 176, 192, 124, 127, 137, 148, 198, 199, 184, 111
100, true, 161, 139, 161, 164, 153, 110, 185, 123, 190, 199
1, true, 115, 119, 122, 115, 149, 175, 122, 185, 107, 180
2, true, 170, 112, 156, 163, 138, 120, 185, 163, 105, 113
3, true, 195, 176, 196, 118, 189, 102, 123, 133, 162, 132
4, true, 189, 145, 129, 139, 142, 186, 118, 110, 165, 187
5, true, 124, 123, 145, 112, 148, 170, 195, 115, 161, 175
6, true, 139, 169, 130, 185, 176, 156, 134, 135, 162, 171
7, true, 156, 191, 185, 197, 156, 135, 151, 192, 101, 194
8, true, 138, 135, 189, 175, 145, 119, 118, 151, 128, 125
9, false, null, null, null, null, null, null, null, null, null, null
10, true, 117, 185, 147, 171, 116, 131, 106, 157, 112, 174
11, true, 121, 175, 108, 192, 187, 181, 161, 184, 144, 160
12, true, 173, 199, 185, 139, 163, 137, 171, 125, 150, 158
13, true, 136, 148, 101, 106, 114, 166, 114, 184, 194, 186
14, false, null, null, null, null, null, null, null, null, null, null
15, true, 186, 111, 158, 172, 154, 174, 110, 187, 142, 103
16, true, 132, 150, 156, 105, 151, 100, 185, 157, 149, 108
17, true, 127, 174, 193, 198, 151, 147, 184, 195, 169, 137
18, false, null, null, null, null, null, null, null, null, null, null
19, true, 105, 116, 130, 129, 117, 192, 127, 145, 156, 170
20, true, 154, 121, 129, 115, 196, 194, 173, 140, 125, 198
21, true, 143, 155, 114, 176, 139, 138, 199, 191, 103, 143
22, true, 142, 189, 134, 121, 152, 190, 129, 100, 194, 175
23, true, 117, 198, 168, 109, 171, 123, 155, 130, 182, 185
24, true, 172, 168, 166, 172, 130, 153, 146, 161, 110, 125
25, true, 173, 179, 175, 105, 110, 166, 122, 198, 184, 156
26, true, 107, 162, 176, 167, 146, 122, 155, 159, 139, 184
27, true, 159, 187, 163, 135, 159, 127, 125, 159, 154, 197
28, true, 157, 164, 145, 133, 137, 157, 155, 189, 149, 184
29, true, 109, 130, 102, 161, 100, 133, 177, 112, 163, 172
30, false, null, null, null, null, null, null, null, null, null, null
31, true, 191, 115, 135, 127, 141, 191, 120, 111, 148, 161
32, true, 107, 137, 104, 127, 109, 194, 157, 123, 176, 106
33, true, 141, 121, 178, 167, 161, 102, 158, 107, 154, 181
34, true, 180, 191, 112, 133, 166, 199, 157, 174, 167, 146
35, true, 105, 139, 173, 160, 121, 188, 104, 153, 156, 180
36, false, null, null, null, null, null, null, null, null, null, null
37, true, 176, 127, 130, 193, 195, 173, 127, 173, 113, 127
38, true, 163, 184, 167, 124, 191, 157, 134, 137, 170, 186
39, true, 194, 188, 157, 164, 169, 150, 147, 105, 165, 118
40, true, 159, 109, 127, 101, 169, 161, 136, 191, 153, 197
41, true, 173, 102, 158, 158, 140, 185, 100, 104, 129, 149
42, true, 173, 159, 149, 110, 172, 111, 141, 189, 184, 174
43, true, 177, 111, 139, 150, 184, 106, 184, 198, 101, 141
44, true, 189, 146, 166, 176, 181, 140, 122, 168, 197, 177
45, true, 151, 156, 186, 130, 170, 132, 192, 153, 171, 191
46, true, 164, 137, 170, 125, 152, 112, 119, 115, 158, 155
47, true, 125, 118, 102, 150, 165, 146, 197, 170, 111, 129
48, true, 153, 174, 195, 196, 180, 185, 103, 124, 100, 182
49, true, 118, 157, 119, 170, 199, 133, 100, 195, 103, 122
50, true, 114, 179, 132, 146, 105, 183, 121, 133, 179, 176
51, true, 186, 157, 119, 164, 123, 160, 148, 167, 163, 175
52, false, null, null, null, null, null, null, null, null, null, null
53, true, 106, 167, 129, 163, 136, 101, 149, 119, 156, 113
54, true, 176, 132, 120, 180, 101, 188, 191, 194, 178, 159
55, true, 182, 197, 165, 157, 140, 178, 171, 111, 130, 173
56, true, 195, 173, 154, 125, 163, 170, 123, 178, 162, 199
57, true, 190, 107, 182, 137, 161, 178, 144, 160, 101, 189
58, false, null, null, null, null, null, null, null, null, null, null
59, true, 133, 155, 109, 171, 121, 172, 173, 170, 186, 191
60, true, 123, 198, 102, 178, 162, 197, 159, 193, 133, 119
61, true, 102, 173, 154, 189, 129, 175, 199, 179, 167, 152
62, true, 147, 135, 178, 159, 151, 144, 152, 171, 192, 188
63, true, 163, 149, 110, 100, 135, 173, 131, 122, 194, 139
64, true, 150, 167, 152, 172, 160, 171, 109, 173, 140, 113
65, true, 108, 165, 115, 148, 115, 124, 188, 177, 149, 107
66, true, 168, 168, 132, 195, 104, 174, 147, 165, 198, 178
67, true, 124, 182, 197, 109, 188, 101, 125, 153, 107, 105
68, true, 159, 121, 168, 170, 164, 105, 134, 134, 178, 173
69, true, 151, 122, 116, 105, 114, 144, 182, 160, 110, 172
70, true, 107, 111, 154, 127, 121, 190, 138, 172, 122, 168
71, true, 146, 154, 192, 187, 142, 105, 135, 191, 120, 195
72, true, 100, 109, 134, 194, 145, 191, 137, 184, 100, 163
73, true, 107, 112, 166, 196, 125, 189, 169, 198, 125, 171
74, true, 128, 182, 196, 198, 188, 106, 129, 128, 157, 171
75, true, 105, 197, 186, 131, 112, 126, 109, 126, 172, 181
76, true, 166, 165, 123, 129, 103, 144, 123, 110, 169, 196
77, true, 137, 187, 155, 113, 173, 180, 113, 131, 111, 127
78, true, 109, 124, 189, 117, 126, 174, 171, 114, 148, 177
79, true, 137, 180, 126, 150, 129, 173, 139, 115, 181, 118
80, true, 145, 143, 118, 126, 174, 158, 138, 167, 126, 175
81, true, 187, 190, 130, 106, 109, 120, 137, 134, 165, 197
82, true, 101, 195, 120, 102, 115, 180, 116, 172, 123, 184
83, true, 123, 152, 150, 146, 147, 133, 165, 191, 108, 190
84, false, null, null, null, null, null, null, null, null, null, null
85, true, 173, 115, 121, 100, 155, 133, 107, 159, 117, 155
86, true, 167, 165, 170, 181, 141, 195, 133, 101, 119, 199
87, true, 127, 117, 113, 121, 198, 124, 115, 108, 138, 197
88, true, 114, 159, 159, 100, 117, 178, 159, 139, 180, 146
89, true, 110, 134, 163, 191, 175, 195, 168, 183, 117, 105
90, true, 125, 120, 152, 179, 168, 128, 153, 113, 119, 146
91, true, 113, 136, 134, 135, 191, 158, 130, 180, 111, 106
92, true, 177, 153, 155, 136, 141, 138, 130, 126, 145, 118
93, true, 115, 171, 103, 143, 150, 184, 176, 161, 144, 167
94, true, 175, 109, 151, 112, 111, 182, 122, 194, 159, 111
95, true, 197, 111, 113, 191, 139, 122, 134, 194, 103, 108
96, true, 149, 127, 101, 157, 132, 182, 101, 173, 117, 153
97, false, null, null, null, null, null, null, null, null, null, null
98, true, 114, 170, 113, 189, 119, 180, 123, 128, 164, 148
99, true, 170, 188, 173, 165, 181, 155, 105, 176, 164, 171
100, true, 151, 161, 197, 120, 199, 152, 132, 127, 175, 157
1, true, 152, 122, 117, 113, 107, 183, 161, 199, 137, 111
2, true, 199, 139, 134, 115, 191, 133, 175, 133, 109, 114
3, true, 124, 127, 177, 186, 101, 152, 183, 138, 165, 107
4, true, 190, 179, 138, 181, 109, 109, 143, 143, 166, 171
5, true, 168, 163, 103, 118, 146, 100, 113, 192, 164, 193
6, true, 128, 151, 159, 145, 196, 118, 158, 138, 108, 118
7, true, 158, 157, 139, 169, 126, 116, 172, 147, 195, 188
8, true, 192, 113, 124, 187, 188, 192, 178, 171, 103, 129
9, true, 128, 191, 115, 182, 198, 151, 113, 170, 116, 101
10, true, 102, 159, 124, 166, 127, 105, 181, 188, 195, 183
11, true, 131, 167, 176, 148, 163, 157, 193, 127, 105, 130
12, true, 188, 197, 118, 146, 165, 107, 129, 114, 128, 113
13, true, 199, 168, 156, 104, 100, 122, 129, 181, 191, 186
14, true, 182, 134, 190, 160, 117, 148, 109, 115, 151, 123
15, true, 192, 107, 104, 166, 149, 122, 126, 148, 190, 156
16, true, 121, 140, 108, 136, 181, 154, 163, 194, 151, 111
17, true, 144, 194, 187, 120, 182, 127, 167, 182, 189, 147
18, true, 102, 186, 188, 176, 131, 177, 175, 116, 143, 121
19, true, 198, 121, 171, 187, 160, 136, 137, 191, 160, 139
20, true, 152, 154, 136, 157, 175, 185, 180, 181, 155, 125
21, true, 187, 121, 168, 116, 120, 141, 101, 100, 133, 164
22, true, 135, 163, 145, 159, 199, 110, 177, 122, 192, 116
23, true, 152, 171, 193, 133, 116, 159, 157, 167, 121, 159
24, true, 155, 176, 140, 181, 165, 184, 159, 146, 171, 109
25, true, 173, 176, 167, 170, 191, 181, 109, 122, 113, 147
26, true, 183, 166, 171, 110, 157, 150, 104, 196, 106, 162
27, true, 150, 139, 108, 111, 164, 160, 179, 104, 127, 179
28, true, 146, 138, 133, 132, 113, 147, 163, 123, 133, 128
29, true, 149, 127, 165, 140, 152, 199, 182, 157, 139, 115
30, true, 195, 146, 166, 163, 137, 174, 113, 144, 122, 130
31, true, 108, 133, 159, 150, 159, 175, 140, 104, 168, 130
32, true, 100, 119, 199, 181, 120, 104, 143, 118, 102, 148
33, true, 194, 115, 104, 187, 111, 158, 102, 100, 135, 194
34, true, 191, 177, 105, 104, 180, 195, 131, 185, 152, 198
35, false, null, null, null, null, null, null, null, null, null, null
36, true, 125, 110, 128, 120, 176, 170, 124, 182, 162, 146
37, true, 170, 156, 153, 133, 133, 172, 132, 184, 181, 143
38, true, 143, 173, 185, 181, 169, 102, 161, 131, 144, 128
39, true, 158, 139, 113, 121, 184, 167, 107, 156, 129, 148
40, true, 144, 120, 173, 106, 105, 121, 132, 163, 143, 150
41, true, 131, 138, 168, 191, 122, 136, 168, 151, 114, 107
42, true, 100, 142, 134, 135, 189, 186, 158, 109, 122, 175
43, true, 191, 138, 140, 101, 184, 101, 103, 194, 149, 192
44, true, 170, 139, 119, 139, 178, 192, 124, 188, 182, 129
45, true, 182, 119, 102, 123, 186, 138, 164, 188, 156, 144
46, true, 187, 121, 137, 146, 152, 191, 163, 156, 158, 108
47, false, null, null, null, null, null, null, null, null, null, null
48, true, 155, 116, 182, 114, 173, 101, 186, 164, 168, 125
49, true, 114, 140, 110, 110, 171, 182, 142, 193, 157, 152
50, true, 188, 121, 177, 110, 187, 115, 165, 123, 186, 198
51, true, 142, 195, 142, 168, 171, 147, 126, 125, 104, 150
52, false, null, null, null, null, null, null, null, null, null, null
53, false, null, null, null, null, null, null, null, null, null, null
54, true, 124, 195, 142, 198, 128, 109, 162, 139, 105, 117
55, true, 145, 110, 143, 107, 109, 151, 117, 138, 150, 113
56, true, 129, 107, 131, 138, 158, 187, 186, 140, 128, 154
57, true, 191, 169, 118, 195, 148, 103, 167, 135, 178, 107
58, true, 181, 119, 126, 165, 108, 118, 173, 163, 137, 190
59, true, 158, 105, 178, 191, 162, 186, 103, 133, 190, 129
60, false, null, null, null, null, null, null, null, null, null, null
61, true, 180, 150, 120, 131, 134, 156, 145, 141, 142, 185
62, true, 190, 112, 175, 130, 147, 157, 175, 185, 199, 154
63, true, 137, 100, 179, 148, 105, 130, 163, 115, 134, 194
64, true, 166, 173, 197, 102, 106, 130, 110, 166, 118, 116
65, true, 176, 108, 193, 140, 181, 117, 162, 124, 120, 145
66, true, 155, 175, 198, 120, 172, 107, 196, 159, 144, 157
67, true, 116, 110, 148, 133, 154, 125, 165, 131, 125, 105
68, true, 148, 186, 175, 153, 100, 191, 116, 115, 110, 105
69, true, 152, 187, 172, 193, 111, 186, 132, 167, 140, 123
70, true, 142, 157, 178, 185, 125, 198, 110, 107, 170, 168
71, true, 194, 150, 193, 120, 158, 183, 156, 197, 194, 138
72, true, 110, 170, 165, 170, 108, 192, 190, 111, 192, 151
73, true, 154, 155, 166, 106, 156, 189, 180, 198, 124, 104
74, true, 167, 174, 162, 146, 122, 120, 158, 150, 113, 185
75, true, 158, 193, 157, 115, 161, 120, 159, 178, 198, 114
76, false, null, null, null, null, null, null, null, null, null, null
77, true, 130, 191, 149, 117, 151, 164, 185, 164, 102, 151
78, true, 139, 162, 161, 160, 167, 159, 156, 153, 146, 152
79, true, 192, 187, 108, 125, 154, 180, 157, 134, 143, 103
80, true, 111, 106, 119, 108, 164, 157, 190, 127, 131, 116
81, true, 150, 134, 122, 196, 117, 195, 148, 103, 173, 177
82, true, 199, 107, 147, 177, 199, 140, 181, 195, 195, 129
83, true, 119, 190, 160, 196, 185, 130, 187, 124, 164, 171
84, true, 127, 131, 186, 129, 115, 177, 120, 121, 167, 103
85, false, null, null, null, null, null, null, null, null, null, null
86, true, 198, 157, 113, 143, 147, 116, 126, 114, 105, 134
87, true, 183, 174, 103, 187, 127, 113, 138, 126, 112, 155
88, true, 152, 189, 114, 128, 166, 193, 195, 123, 185, 102
89, true, 152, 110, 136, 158, 195, 189, 118, 187, 149, 185
90, true, 153, 113, 135, 145, 155, 102, 113, 105, 192, 176
91, true, 112, 131, 169, 163, 167, 122, 113, 103, 134, 160
92, true, 119, 114, 104, 178, 147, 117, 179, 162, 147, 112
93, true, 189, 140, 197, 153, 151, 161, 157, 154, 136, 135
94, true, 164, 181, 136, 116, 167, 127, 195, 180, 161, 196
95, true, 199, 153, 122, 195, 128, 135, 150, 108, 106, 116
96, true, 147, 110, 122, 165, 182, 132, 155, 148, 160, 124
97, false, null, null, null, null, null, null, null, null, null, null
98, true, 132, 170, 135, 192, 140, 142, 113, 109, 183, 170
99, false, null, null, null, null, null, null, null, null, null, null
100, true, 186, 183, 159, 144, 162, 188, 151, 113, 138, 144
